"ProjectID","OrganizationID","ProjectName","ProjectCommonName","ContinuumProject","ProjectType","ResidentialAffiliation","TrackingMethod","TargetPopulation","PITCount","DateCreated","DateUpdated","UserID","DateDeleted","ExportID"
"133_02","21","Admin - Tumbleweed Runaway Program","Admin - Tumbleweed Runaway Program","0","2","","","4","","2014-08-26 16:45:44","2016-04-21 12:58:23","C86494","2014-07-01 00:00:00","MT20160426153429_RHY"
"166_01","47","Flathead Youth Shelter","Flathead Youth Shelter","1","1","","1","4","","2015-04-29 17:44:49","2016-04-21 12:54:52","C86494","","MT20160426153429_RHY"
"167_01","47","Shirley Miller Attention Home","Shirley Miller Attention Home","1","1","","1","4","","2015-04-29 17:49:08","2016-04-21 12:54:52","C86494","","MT20160426153429_RHY"
"189_01","21","RHY - Tumbleweed Runaway Program","RHY - Tumbleweed Runaway Program","0","1","","1","4","","2015-07-28 11:29:22","2016-04-19 12:54:58","C86494","","MT20160426153429_RHY"
"189_02","21","RHY - Tumbleweed Runaway Program","RHY - Tumbleweed Runaway Program","0","2","","","4","","2015-07-28 11:29:22","2016-04-19 12:54:58","C86494","","MT20160426153429_RHY"
"189_04","21","RHY - Tumbleweed Runaway Program","RHY - Tumbleweed Runaway Program","0","4","","","4","","2015-07-28 11:29:22","2016-04-19 12:54:58","C86494","","MT20160426153429_RHY"
"189_05","21","RHY - Tumbleweed Runaway Program","RHY - Tumbleweed Runaway Program","0","12","","","4","","2015-07-28 11:29:22","2016-04-19 12:54:58","C86494","","MT20160426153429_RHY"
"189_06","21","RHY - Tumbleweed Runaway Program","RHY - Tumbleweed Runaway Program","0","6","N","","4","","2015-07-28 11:29:22","2016-04-19 12:54:58","C86494","","MT20160426153429_RHY"
"190_02","21","TLP - Tumbleweed Runaway Program","TLP - Tumbleweed Runaway Program","0","2","","","4","","2015-07-28 11:29:22","2016-04-19 12:54:58","C86494","","MT20160426153429_RHY"
"190_06","21","TLP - Tumbleweed Runaway Program","TLP - Tumbleweed Runaway Program","0","6","N","","4","","2015-07-28 11:29:22","2016-04-19 12:54:58","C86494","","MT20160426153429_RHY"
"191_04","21","SOP - Tumbleweed Runaway Program","SOP - Tumbleweed Runaway Program","0","4","","","4","","2015-07-28 11:29:22","2016-04-19 12:54:58","C86494","","MT20160426153429_RHY"
"191_06","21","SOP - Tumbleweed Runaway Program","SOP - Tumbleweed Runaway Program","0","6","N","","4","","2015-07-28 11:29:22","2016-04-19 12:54:58","C86494","","MT20160426153429_RHY"
