"PersonalID","FirstName","MiddleName","LastName","NameSuffix","NameDataQuality","SSN","SSNDataQuality","DOB","DOBDataQuality","AmIndAKNative","Asian","BlackAfAmerican","NativeHIOtherPacific","White","RaceNone","Ethnicity","Gender","OtherGender","VeteranStatus","YearEnteredService","YearSeparated","WorldWarII","KoreanWar","VietnamWar","DesertStorm","AfghanistanOEF","IraqOIF","IraqOND","OtherTheater","MilitaryBranch","DischargeStatus","DateCreated","DateUpdated","UserID","DateDeleted","ExportID"
"341472","0EE5BA018624BAB84959118D3A7AC9966698473A","","E16948851861227B4F801316622F7B5DBD753913","",1,"00000F58D5A5515F1A8A9D179AA58858B67B2F8A3388",8,1995-03-21,1,0,0,1,0,0,,1,0,"",0,,,99,99,99,99,99,99,99,99,99,99,2016-05-06 13:17:26,2016-05-06 00:00:00,"Johnson, Kristina",,"BADDF3CB430D4654B9B5E2A456F61A9A"
"341473","713E60F330C9C074858E39D7F1DC0EEC66DD81F9","","E16948851861227B4F801316622F7B5DBD753913","",1,"00000F58D5A5515F1A8A9D179AA58858B67B2F8A3388",8,2015-09-15,1,0,0,1,0,0,,1,1,"",0,,,99,99,99,99,99,99,99,99,99,99,2016-05-06 13:19:32,2016-05-06 00:00:00,"Johnson, Kristina",,"BADDF3CB430D4654B9B5E2A456F61A9A"
"341476","1CC5A9FAEDFB22DCB623E881DB3FEDC5F5BE0CC3","","705695731F8D6A58F61E6751D70B0D1ED2304908","",1,"36965B0A87D61E39E7652287EF792B5C30510AF0FE03",1,1995-05-22,1,0,0,0,0,1,,1,0,"",0,,,99,99,99,99,99,99,99,99,99,99,2016-05-06 13:35:17,2016-05-06 00:00:00,"Johnson, Kristina",,"BADDF3CB430D4654B9B5E2A456F61A9A"
"341479","57CACA952249FFF4395E4D86AD738D2B5A722B27","","193CB0CDF82E910A3F1F089875D58CFC8BCF9B32","",1,"00000F58D5A5515F1A8A9D179AA58858B67B2F8A3388",8,2015-09-19,1,0,0,1,0,1,,0,1,"",0,,,99,99,99,99,99,99,99,99,99,99,2016-05-06 13:37:26,2016-05-06 00:00:00,"Johnson, Kristina",,"BADDF3CB430D4654B9B5E2A456F61A9A"
"341485","B28B23AD781909E1D5B30EDD4550B8AF6884C6BC","7484AF77215D6BE24A545220EE5CDC64971F887F","AC94390DAAAF0BFF76DC919641BCF2E002C5CE16","",1,"6018E78793E6D441696FA0B5EBD9B0D015735D1C815A",1,1996-10-31,1,0,0,1,0,0,,0,0,"",0,,,99,99,99,99,99,99,99,99,99,99,2016-05-06 13:45:32,2016-05-06 00:00:00,"Johnson, Kristina",,"BADDF3CB430D4654B9B5E2A456F61A9A"
"341488","1BC9DA17D9C75A45BCD752672D80988DAAFB05E7","","AC94390DAAAF0BFF76DC919641BCF2E002C5CE16","",1,"00000F58D5A5515F1A8A9D179AA58858B67B2F8A3388",8,2016-03-04,1,0,0,1,0,0,,0,0,"",0,,,99,99,99,99,99,99,99,99,99,99,2016-05-06 13:47:45,2016-05-06 00:00:00,"Johnson, Kristina",,"BADDF3CB430D4654B9B5E2A456F61A9A"
"341492","2D4E38B9736776138AA920AA0E968E433751E51D","","965E7CAFE021211F0EE79451147D21A8D5F133FE","",1,"91417B30D29054E51F135AE6470F4EE2CFEB5E190847",1,1995-04-20,1,0,0,1,0,0,,0,0,"",0,,,99,99,99,99,99,99,99,99,99,99,2016-05-06 13:58:20,2016-05-06 00:00:00,"Johnson, Kristina",,"BADDF3CB430D4654B9B5E2A456F61A9A"
"341494","125E17A03E5A106424AE7CD9F67B89B7C6B86724","","965E7CAFE021211F0EE79451147D21A8D5F133FE","",1,"00000F58D5A5515F1A8A9D179AA58858B67B2F8A3388",8,2016-03-11,1,0,0,1,0,0,,0,0,"",0,,,99,99,99,99,99,99,99,99,99,99,2016-05-06 14:00:04,2016-05-06 00:00:00,"Johnson, Kristina",,"BADDF3CB430D4654B9B5E2A456F61A9A"
"341497","F5021AAB792A3AE3E758ECC428B8B5A15BA0067D","","C8EE9A2BF71397A021E59A6C5EB2F309537BCA6D","",1,"7788BB1F1BB12815439F14D94FFDFC2DAA72C73305B1",1,1996-10-31,1,0,0,1,0,0,,1,0,"",0,,,99,99,99,99,99,99,99,99,99,99,2016-05-06 14:12:52,2016-05-06 00:00:00,"Johnson, Kristina",,"BADDF3CB430D4654B9B5E2A456F61A9A"
