"IncomeBenefitsID","ProjectEntryID","PersonalID","InformationDate","IncomeFromAnySource","TotalMonthlyIncome","Earned","EarnedAmount","Unemployment","UnemploymentAmount","SSI","SSIAmount","SSDI","SSDIAmount","VADisabilityService","VADisabilityServiceAmount","VADisabilityNonService","VADisabilityNonServiceAmount","PrivateDisability","PrivateDisabilityAmount","WorkersComp","WorkersCompAmount","TANF","TANFAmount","GA","GAAmount","SocSecRetirement","SocSecRetirementAmount","Pension","PensionAmount","ChildSupport","ChildSupportAmount","Alimony","AlimonyAmount","OtherIncomeSource","OtherIncomeAmount","OtherIncomeSourceIdentify","BenefitsFromAnySource","SNAP","WIC","TANFChildCare","TANFTransportation","OtherTANF","RentalAssistanceOngoing","RentalAssistanceTemp","OtherBenefitsSource","OtherBenefitsSourceIdentify","InsuranceFromAnySource","Medicaid","NoMedicaidReason","Medicare","NoMedicareReason","SCHIP","NoSCHIPReason","VAMedicalServices","NoVAMedReason","EmployerProvided","NoEmployerProvidedReason","COBRA","NoCOBRAReason","PrivatePay","NoPrivatePayReason","StateHealthIns","NoStateHealthInsReason","HIVAIDSAssistance","NoHIVAIDSAssistanceReason","ADAP","NoADAPReason","DataCollectionStage","DateCreated","DateUpdated","UserID","DateDeleted","ExportID"
"14242862.9h0v4.","755797","341472",2015-06-03,0,0.00,0,,0,,0,,0,,0,,0,,0,,0,,0,,0,,0,,0,,0,,0,,0,,"",1,0,1,0,0,0,0,0,0,"",1,1,99,0,99,0,99,0,99,0,99,0,99,0,99,99,,99,99,99,99,1,2016-05-06 00:00:00,2016-05-06 00:00:00,"kjohnson1",,"BADDF3CB430D4654B9B5E2A456F61A9A"
"14242945.9h0xg.","755797","341472",2015-12-07,0,0.00,0,,0,,0,,0,,0,,0,,0,,0,,0,,0,,0,,0,,0,,0,,0,,"",1,0,1,0,0,0,0,0,0,"",1,1,99,0,99,0,99,0,99,0,99,0,99,0,99,99,,99,99,99,99,3,2016-05-06 00:00:00,2016-05-06 00:00:00,"kjohnson1",,"BADDF3CB430D4654B9B5E2A456F61A9A"
"14242889.9h0vr.","755797.218867","341473",2015-06-03,0,0.00,99,,0,,0,,0,,0,,0,,0,,0,,0,,0,,0,,0,,0,,0,,0,,"",1,0,1,0,0,0,0,0,0,"",1,1,99,0,99,0,99,0,99,0,99,0,99,0,99,99,,99,99,99,99,1,2016-05-06 00:00:00,2016-05-06 00:00:00,"kjohnson1",,"BADDF3CB430D4654B9B5E2A456F61A9A"
"14242962.9h0xs.","755797.218867","341473",2015-12-07,0,0.00,99,,0,,0,,0,,0,,0,,0,,0,,0,,0,,0,,0,,0,,0,,0,,"",1,0,1,0,0,0,0,0,0,"",1,1,99,0,99,0,99,0,99,0,99,0,99,0,99,99,,99,99,99,99,3,2016-05-06 00:00:00,2016-05-06 00:00:00,"kjohnson1",,"BADDF3CB430D4654B9B5E2A456F61A9A"
"14243091.9ha2g.","755805","341476",2015-06-03,1,595.00,1,595.00,0,,0,,0,,0,,0,,0,,0,,0,,0,,0,,0,,0,,0,,0,,"",1,1,1,0,0,0,0,0,0,"",1,0,99,1,99,0,99,0,99,0,99,0,99,0,99,99,,99,99,99,99,1,2016-05-06 00:00:00,2016-05-06 00:00:00,"kjohnson1",,"BADDF3CB430D4654B9B5E2A456F61A9A"
"14243139.9ha3p.","755805.218869","341479",2015-06-03,0,0.00,99,,0,,0,,0,,0,,0,,0,,0,,0,,0,,0,,0,,0,,0,,0,,"",1,1,1,0,0,0,0,0,0,"",1,1,99,0,99,0,99,0,99,0,99,0,99,0,99,99,,99,99,99,99,1,2016-05-06 00:00:00,2016-05-06 00:00:00,"kjohnson1",,"BADDF3CB430D4654B9B5E2A456F61A9A"
"14243218.9ha5z.","755811","341485",2015-12-17,1,315.00,1,315.00,0,,0,,0,,0,,0,,0,,0,,0,,0,,0,,0,,0,,0,,0,,"",1,1,0,0,0,0,0,0,0,"",1,0,99,0,99,0,99,0,99,1,99,0,99,0,99,99,,99,99,99,99,1,2016-05-06 00:00:00,2016-05-06 00:00:00,"kjohnson1",,"BADDF3CB430D4654B9B5E2A456F61A9A"
"14243256.9ha6y.","755811.218874","341488",2015-12-17,0,0.00,99,,0,,0,,0,,0,,0,,0,,0,,0,,0,,0,,0,,0,,0,,0,,"",1,1,0,0,0,0,0,0,0,"",1,0,99,0,99,0,99,0,99,1,99,0,99,0,99,99,,99,99,99,99,1,2016-05-06 00:00:00,2016-05-06 00:00:00,"kjohnson1",,"BADDF3CB430D4654B9B5E2A456F61A9A"
"14243370.9ha08.","755821","341492",2016-01-22,0,0.00,0,,0,,0,,0,,0,,0,,0,,0,,0,,0,,0,,0,,0,,0,,0,,"",1,1,0,0,0,0,0,0,0,"",1,1,99,0,99,0,99,0,99,0,99,0,99,0,99,99,,99,99,99,99,1,2016-05-06 00:00:00,2016-05-06 00:00:00,"kjohnson1",,"BADDF3CB430D4654B9B5E2A456F61A9A"
"14243396.9ha0u.","755821.218877","341494",2016-01-22,0,0.00,99,,0,,0,,0,,0,,0,,0,,0,,0,,0,,0,,0,,0,,0,,0,,"",1,1,0,0,0,0,0,0,0,"",1,1,99,0,99,0,99,0,99,0,99,0,99,0,99,99,,99,99,99,99,1,2016-05-06 00:00:00,2016-05-06 00:00:00,"kjohnson1",,"BADDF3CB430D4654B9B5E2A456F61A9A"
"14243533.9hadq.","755825","341497",2016-03-28,1,300.00,1,300.00,0,,0,,0,,0,,0,,0,,0,,0,,0,,0,,0,,0,,0,,0,,"",1,1,0,0,0,0,0,0,0,"",1,1,99,0,99,0,99,0,99,0,99,0,99,0,99,99,,99,99,99,99,1,2016-05-06 00:00:00,2016-05-06 00:00:00,"kjohnson1",,"BADDF3CB430D4654B9B5E2A456F61A9A"
