"ProjectID"
<div style='color:red'>Error executing this report section.<br />Stored procedure name: VESTASP_csvExport4<br />Parameters:@start_date='1/1/2015', @end_date='3/31/2016', @get_details=0, @program_ID_list='844' , @user_ID_exec=2690, @site='HMIS', @guid='baddf3cb-430d-4654-b9b5-e2a456f61a9a', @export_filename='Project.csv', @version='4.0', @157_6911='hash name and ssn (use for RHY export)'<br />Error:<br />Cannot insert the value NULL into column 'OrganizationID', table 'tempdb.dbo.#Project____________________________________________________________________________________________________________0000000007AC'; column does not allow nulls. INSERT fails.
The statement has been terminated.
Cleanup of #project
alter table #project drop column FDID_raw;  alter table #project drop column ProjectType_raw;  alter table #project drop column ResidentialAffiliation_raw;  alter table #project drop column TrackingMethod_raw;  alter table #project drop column TargetPopulation_raw</div>
