"ServicesID","ProjectEntryID","PersonalID","DateProvided","RecordType","TypeProvided","OtherTypeProvided","SubTypeProvided","FAAmount","ReferralOutcome","DateCreated","DateUpdated","UserID","DateDeleted","ExportID"
"14242946.3267","755797","341472",2015-12-07,142,19,"",,,,2016-05-06 00:00:00,2016-05-06 00:00:00,"kjohnson1",,"BADDF3CB430D4654B9B5E2A456F61A9A"
"14242946.3275","755797","341472",2015-12-07,142,1,"",,,,2016-05-06 00:00:00,2016-05-06 00:00:00,"kjohnson1",,"BADDF3CB430D4654B9B5E2A456F61A9A"
"14242946.3277","755797","341472",2015-12-07,142,5,"",,,,2016-05-06 00:00:00,2016-05-06 00:00:00,"kjohnson1",,"BADDF3CB430D4654B9B5E2A456F61A9A"
"14242946.3278","755797","341472",2015-12-07,142,8,"",,,,2016-05-06 00:00:00,2016-05-06 00:00:00,"kjohnson1",,"BADDF3CB430D4654B9B5E2A456F61A9A"
"14242946.6257","755797","341472",2015-12-07,142,13,"",,,,2016-05-06 00:00:00,2016-05-06 00:00:00,"kjohnson1",,"BADDF3CB430D4654B9B5E2A456F61A9A"
