ProjectID,OrganizationID,ProjectName,ProjectCommonName,ContinuumProject,ProjectType,ResidentialAffiliation,TrackingMethod,TargetPopulation,PITCount,DateCreated,DateUpdated,UserID,DateDeleted,ExportID
20235,ASP,RHY Youth Connections Host Homes (ES-R11),,1,1,,0,,,2015-01-22 21:03:09,2015-03-19 23:36:45,AUF,,1449847175000
20292,YSH,RHY YSB Huntington Prevention (R3),,1,12,,,,,2015-03-19 23:17:58,2015-03-19 23:37:41,AUF,,1449847175000
20293,YSH,RHY YSB Huntington Host Homes (ES-R3),,1,1,,0,,,2015-03-19 23:19:30,2015-03-19 23:36:27,AUF,,1449847175000
20294,YSH,RHY YSB Wabash Prevention (R3),,1,12,,,,,2015-03-19 23:31:49,2015-03-19 23:31:49,AUF,,1449847175000
20295,YSH,RHY YSB Wabash Host Homes (ES-R3),,1,1,,0,,,2015-03-19 23:36:02,2015-03-19 23:36:02,AUF,,1449847175000
